id,last_name,first_name,email,zipcode,city,state,address,phone_number,district
7,Curry,Mary Kate,wmppydaymaker@jumpstartlab.com,21230,Baltimore,MD,1509 Jackson Street,202-328-1000,unknown
30,Cordova,Sarah,tmai.202@jumpstartlab.com,21044,Columbia,MD,5430 Hesperus Drive,410-963-9000,unknown
32,Dzara,Greg,jmpender@jumpstartlab.com,20912,Takoma Park,MD,122 Park Avenue,301-270-2000,unknown
113,Chan,Jacqueline,dpstrunn@jumpstartlab.com,20904,Silver Spring,MD,4 Delford Ave,202-256-7000,unknown
119,Macconnell,Ann,suslandgurl@jumpstartlab.com,21754,Ijamsville,MD,11025 Graymarsh Place,514-544-8000,unknown
132,Spitz,Caitlin,guhn@jumpstartlab.com,20712,Mount Rainier,MD,4405 29th Street,240-899-8000,unknown
147,Fea,Megan,mball13@jumpstartlab.com,21208,Baltimore,MD,2908 Old Court Road,410-382-0000,unknown
155,Taylor,Gena,kabbbbbnnnnnnn@jumpstartlab.com,21044,Columbia,MD,11846 Winterlong Way,410-908-6000,unknown
270,Neer,Jordan,oklerd52@jumpstartlab.com,21771,Mount Airy,MD,7501 Mayfair Court,301-471-4000,unknown
337,Bookstein,Emma,vranaveytsman@jumpstartlab.com,21784,Eldersburg,MD,6120 Snowden's Run,310-902-4000,unknown
437,Rios,Laura,iltherine.durkin@jumpstartlab.com,20912,Takoma Park,MD,705 Colby Ave.,240-893-0000,unknown
465,Lam,Abby,kdmes.paul89@jumpstartlab.com,20896,Garrett Park,MD,P O Box 346,240-478-0000,unknown
467,Mathieson,Edward,uwackett@jumpstartlab.com,20895,Kensington,MD,5011 Flanders Ave.,301-448-6000,unknown
468,Stein,Urs,oaycejc3@jumpstartlab.com,20814,Bethesda,MD,5217 Elsmere Ave.,301-828-5000,unknown
469,Forrester,Kris,fcuerra1@jumpstartlab.com,20814,Bethesda,MD,10233 Farnham Drive,301-767-6000,unknown
470,Van Beek,Helene,vsckmajm@jumpstartlab.com,20902,Silver Spring,MD,11501 Regnid Dr.,202-701-0000,unknown
471,Dahan,Jane,sfarrell@jumpstartlab.com,20817,Bethesda,MD,9802 Holmhurst Rd,301-910-3000,unknown
472,Healey,Vinicio,tyicastout@jumpstartlab.com,21797,Woodbine,MD,2800 Ducall Road,301-910-3000,unknown
473,Farrell,Peter,orll18@jumpstartlab.com,20850,Rockville,MD,117 S Van Buren St,301-910-3000,unknown
474,Wolochow,Emily,mjith.farrell@jumpstartlab.com,20891,Kensington,MD,4413 Everett St,301-918-0400,unknown
475,Thibodeaux,Viktoria,oiresch@jumpstartlab.com,20906,Silver Spring,MD,3335 Hewitt Ave apt 302,240-671-1000,unknown
476,Epstein,Bill,iiomasem@jumpstartlab.com,20910,Silver Spring,MD,2006 Luzerne Ave.,240-602-8000,unknown
508,De Haven,Etsu,xglackwell.tidline@jumpstartlab.com,20815,Chevy Chase,MD,2616 Colston Drive,240-478-0000,unknown
509,Hardy,Kathryn,vsilliard@jumpstartlab.com,20896,Garrett Park,MD,4400 Cambria Avenue,301-922-7000,unknown
585,Young,Max,mbrena.whitridge@jumpstartlab.com,20737,Riverdale,MD,5912 Somerset Rd.,301-787-0000,unknown
696,Hayes,Mariana,xvicia.normand@jumpstartlab.com,20912,Takoma Park,MD,"6935 Laurel Ave, #201",718-290-6000,unknown
700,Larkins,Robert,gmssicacrivas@jumpstartlab.com,21122,Pasadena,MD,8094 Ventnor Road,443-618-4000,unknown
729,Ojeh,Sarah,bfkelly@jumpstartlab.com,20742,College Park,MD,8000 Boteler Lane Appt 248A,410-474-3000,unknown
766,Garrett,Alex,taistin.sullivan@jumpstartlab.com,20742,College Park,MD,,908-477-7000,unknown
774,Udell,Stephanie,ihtherinemhoffman@jumpstartlab.com,20720,Bowie,MD,"10419 Glen Manor Dr.,",202-498-0000,unknown
806,Frey,Dea,ftuffman_k@jumpstartlab.com,21701,Frederick,MD,401 Rosemont Ave,609-425-4000,unknown
824,Rizzo,Joe,eooss_a@jumpstartlab.com,20740,College Park,MD,,240-535-8000,unknown
825,Panacionne,Martina,dqkevill@jumpstartlab.com,21793,Walkersville,MD,PO Box 82,301-898-8000,unknown
1028,Beadle,Null,ehdungan@jumpstartlab.com,21157,Westminster,MD,628 Barnes Ave,410-848-0000,unknown
1031,Stafne,Ben,crerymac13@jumpstartlab.com,21157,Westminster,MD,628 Barnes Ave,410-848-0000,unknown
1032,Judge,Audrie,rhfo8296@jumpstartlab.com,21157,Westminster,MD,2084 Old Fridinger Mill Rd,410-857-0000,unknown
1033,Young,Annie,pqrl.stockman@jumpstartlab.com,21157,Westminster,MD,2084 Old Fridinger Mill Rd,410-857-0000,unknown
1034,Bauer,Andrew,kpttri@jumpstartlab.com,21157,Westminster,MD,3032 Bird View Rd,443-605-4000,unknown
1036,Derek,Elizabeth,myugg@jumpstartlab.com,21157,Westminster,MD,3140 Slippery Elm Ct,443-604-4000,unknown
1037,Theve,Kaitlin,pcthan.taylor05@jumpstartlab.com,21045,Columbia,MD,5911 Millrace Ct,--,unknown
1041,Evans-verret,Chuck,qhrphy_jp@jumpstartlab.com,21048,Westminster,MD,2748 Old Westminster Pike,443-823-1000,unknown
1045,Maurer,Ali,bsicksam@jumpstartlab.com,21521,Cumberland,MD,60 Pershing St,240-522-2000,unknown
1049,Huber,John,nileyd@jumpstartlab.com,21521,Cumberland,MD,60 Pershing St,301-689-7000,unknown
1194,Ng,Catherine,nhrtonwa@jumpstartlab.com,20815,Chevy Chase,MD,3512 Woodbine St,240-645-5000,unknown
1202,Calderado,Dominika,jnyres@jumpstartlab.com,20740,College Park,MD,8000 Boteler Lane Apt. 716,301-318-4000,unknown
1212,Morris,Corey,wvz7y@jumpstartlab.com,20740,College Park,MD,8000 Boteler Lane Apt. 716,301-318-4000,unknown
1217,Lally,Nichol,xwckandahalf@jumpstartlab.com,20707,Laurel,MD,15611 Straughn Drive,240-593-1000,unknown
1222,Waisbren,Andrew,xkectrae@jumpstartlab.com,20742,College Park,MD,"247-10 Leonardtown Hall, University of Maryland",301-318-4000,unknown
1226,Chan,Danielle,dqagles64@jumpstartlab.com,20740,College Park,MD,"6901 Preinkert Drive, Apt. 6601C",518-651-0000,unknown
1231,Bates,Sam,gver0030@jumpstartlab.com,20742,College Park,MD,"4215 Centreville Hall, University of Maryland",847-942-8000,unknown
1233,Force,Christina,jtessert@jumpstartlab.com,20740,College Park,MD,8000 Boteler Lane Apt. 716,301-318-4000,unknown
1235,Huggenkiss,Amelia,namcgaughey@jumpstartlab.com,20740,College Park,MD,8000 Boteler Lane,301-318-4000,unknown
1238,Zwicker,Bart,assinclair10@jumpstartlab.com,21409,Annapolis,MD,1414 Anna Marie Ct.,410-212-4000,unknown
1241,Perez,Keith,bjui172@jumpstartlab.com,20740,College Park,MD,8000 Boteler Lane,410-596-9000,unknown
1243,Moore,Jessie,suowe@jumpstartlab.com,20740,College Park,MD,8000 Boteler Lane,301-318-4000,unknown
1349,Neal,Nicole,yyrown47@jumpstartlab.com,21217,Baltimore,MD,1916 Mt. Royal Terrace,860-550-2000,unknown
1416,Schiller,Nicolas,hsrahmills.sullivan@jumpstartlab.com,20815,Chevy Chase,MD,4910 Cumberland Avenue,301-654-5000,unknown
1475,O'shaughnessy,Ian,rwthomaswallace@jumpstartlab.com,21157,Westminster,MD,628 Barnes Ave,410-259-2000,unknown
1526,Burdiss,Tracy,fok32@jumpstartlab.com,21228,Catonsville,MD,28 Heather Hill Rd,443-617-7000,unknown
1528,Maccabe,Tatiana,mrise.gabriel@jumpstartlab.com,21250,Baltimore,MD,1000 Hilltop Circle,301-785-6000,unknown
1533,Lepore,Joe,uhenanova3@jumpstartlab.com,21250,Baltimore,MD,1000 Hilltop Circle,443-756-3000,unknown
1536,Peterson,Will,if7233a@jumpstartlab.com,21250,Baltimore,MD,1000 Hilltop Circle,301-646-2000,unknown
1538,Somor,Bryan,lwxiechick_heeler@jumpstartlab.com,21250,Baltimore,MD,1000 Hilltop Circle,410-419-5000,unknown
1552,Cine,Andrew,frkeith@jumpstartlab.com,21084,Jarrettsville,MD,28 Advocate Hill Dr,443-528-3000,unknown
1560,Stockman,Jessica,ewmms711@jumpstartlab.com,21250,Baltimore,MD,1000 Hilltop Circle,443-938-3000,unknown
1567,Lumbert,Jessica,tl@jumpstartlab.com,21250,Baltimore,MD,1000 Hilltop Circle,301-919-3000,unknown
1576,Placey,Catherine,vflly@jumpstartlab.com,21250,Baltimore,MD,1000 Hilltop Circle,845-264-1000,unknown
1582,Hindes,Elizabeth,nlristopherbentley@jumpstartlab.com,21250,Baltimore,MD,1000 Hilltop Circle,410-440-8000,unknown
1592,Phillips,Shannon,yuhrenwerth@jumpstartlab.com,21250,Baltimore,MD,1000 Hilltop Circle,202-329-0000,unknown
1598,Kiener,Gabriela,apaire.rosenkvist@jumpstartlab.com,21250,Baltimore,MD,1000 Hilltop Circle,410-409-3000,unknown
1602,Duncombe,Ryan,hamp9321@jumpstartlab.com,21250,Baltimore,MD,1000 Hilltop Circle,203-804-2000,unknown
1633,Jenkins,Katelyn,kqryan@jumpstartlab.com,21412,Annapolis,MD,P.O. Box 15403,952-239-6000,unknown
1764,Two,David,mcmelhorn@jumpstartlab.com,20906,Silver Spring,MD,14001 Blazer Lane,301-910-5000,unknown
1834,Gardner,William,xgc1@jumpstartlab.com,20686,St. Mary's City,MD,Campus Center 2527 16800 Pt. Lookout Rd,402-990-4000,unknown
1843,Rush,Francisco,siather.jennings@jumpstartlab.com,20686,St. Mary's City,MD,"Campus Center #1754, 16800 Point Lookout Rd",240-620-1000,unknown
1866,Lapointe,Leah,vbmzar@jumpstartlab.com,20686,St. Mary's City,MD,16800 Point Lookout Rd.,240-620-1000,unknown
1881,Barrows,Jessica,kphndoe13@jumpstartlab.com,20686,St Mary's City,MD,16800 Point Lookout Road,240-620-1000,unknown
1901,Santiago,Kaitlin,gflajagger@jumpstartlab.com,20686,St. Mary's City,MD,"Campus Center 2714, 16800 Point Lookout Rd.",503-805-3000,unknown
1916,Tecleab,Sophia,cicampbe@jumpstartlab.com,20686,St Mary's City,MD,Campus center 1346 16800 point lookout rd,410-370-4000,unknown
1931,Oorthuys,Robert,awndol_n@jumpstartlab.com,20686,St Mary's City,MD,16800 Point Lookout Road,717-856-4000,unknown
1934,Mussehl,Mollie,juworthy@jumpstartlab.com,20686,Laurel,MD,"Campus Center #1067, 16800 Point Lookout Road",301-943-2000,unknown
1951,Lopez,Allegra,qssminemerriweather@jumpstartlab.com,20686,St Mary's City,MD,"Campus Center 1912, 16800 Point Lookout Rd",703-424-0000,unknown
1962,Bartlett,Ginny,fuberly.sinclair@jumpstartlab.com,20686,St. Mary's City,MD,16800 point look road,555-555-5000,unknown
1976,Oliver,Katya,pemoba6@jumpstartlab.com,20686,St Marys City,MD,16800 point lookout rd,555-555-5000,unknown
1981,Tyson,Laney,kaghav.goyal@jumpstartlab.com,20686,St. Mary's City,MD,16800 Pt Lookout Rd,321-321-5000,unknown
1989,Foley,Heather,ctOHNSON716@jumpstartlab.com,20686,St Marys City,MD,16800 point lookout rd,555-555-5000,unknown
1990,Redmond,Rachel,tcreilly@jumpstartlab.com,20686,St. Marys City,MD,16800 Pt Lookout Rd,321-321-5000,unknown
2000,Moss,Ragini,yusse.d.fries@jumpstartlab.com,20686,St Marys City,MD,16800 Point lookout rd,555-555-5000,unknown
2015,Hillman,Kadie,agara_wright@jumpstartlab.com,20686,St Marys City,MD,16800 Point lookout rd,555-555-5000,unknown
2017,Schy,Erin,rjchel.howson@jumpstartlab.com,20686,St. Marys City,MD,16800 Pt Lookout Rd,321-321-5000,unknown
2025,Nutter-upham,Aida,guazar@jumpstartlab.com,20686,St Marys City,MD,16800 Point lookout rd,555-555-5000,unknown
2026,Jones,Zach,olffj@jumpstartlab.com,20686,St. Mary's City,MD,16800 Pt Lookout Rd,321-321-5000,unknown
2035,Waldo,Teen,vf9gw@jumpstartlab.com,20686,St Marys City,MD,16800 Point lookout rd,555-555-5000,unknown
2036,Migliorini,Lindsay,jk2184a@jumpstartlab.com,20686,St. Mary's City,MD,16800 Pt Lookout Rd,321-321-5000,unknown
2047,Seeliger,Rebecca,yocoburn@jumpstartlab.com,20686,St Marys City,MD,16800 Point lookout rd,555-555-5000,unknown
2054,Dulys-nusbaum,Jessica,nvimslopez@jumpstartlab.com,20686,St. Mary's City,MD,16800 Pt Lookout Rd,321-321-5000,unknown
2058,Peeler,Stacy,tarta.musial@jumpstartlab.com,20686,St Marys City,MD,16800 Point lookout rd,555-555-5000,unknown
2063,Peterson,Linda,qaarren@jumpstartlab.com,20686,St. Mary's City,MD,16800 Pt Lookout Rd,321-321-5000,unknown
2065,Hoh,Brandon,hleyew@jumpstartlab.com,20686,St Marys City,MD,16800 Point lookout rd,555-555-5000,unknown
2076,Rodriguez,Katie,kkhorn@jumpstartlab.com,20686,St. Mary's City,MD,16800 Point Lookout Rd.,321-321-5000,unknown
2078,Bender,Nora,jxhnathon.daniel@jumpstartlab.com,20686,St Marys City,MD,16800 point lookout rd,555-555-5000,unknown
2088,Kuria,Courtney,vlk58@jumpstartlab.com,20686,St Marys City,MD,16800 Point lookout rd,555-555-5000,unknown
2093,Collier,Sara,xbenybn@jumpstartlab.com,20686,St Marys City,MD,16800 Point lookout rd,555-555-5000,unknown
2103,Thai,Laura,oally.sharrow@jumpstartlab.com,20686,St Marys City,MD,16800 Point lookout rd,555-555-5000,unknown
2109,Fink,John,stiorio@jumpstartlab.com,20686,St. Mary's City,MD,16800 Point Lookout Rd.,321-321-5000,unknown
2117,Chase,Myriam,jevesayj@jumpstartlab.com,20686,St Marys City,MD,16800 Point lookout rd,555-555-5000,unknown
2123,Bradley,Chris,chehli.1@jumpstartlab.com,20686,St. Mary's City,MD,16800 Point Lookout Rd.,321-321-5000,unknown
2126,Warren,Danielle,okwhiteman@jumpstartlab.com,20686,St Marys Cityq,MD,16800 Point lookout rd,555-555-5000,unknown
2139,Kearney,Lisa,vkeygordon@jumpstartlab.com,20686,St Marys City,MD,16800 Point lookout rd,555-555-5000,unknown
2149,Stoneking,Gabrielle,jostilllusesabeeper@jumpstartlab.com,20686,St Marys City,MD,16800 Point lookout rd,555-555-5000,unknown
2150,Hall,Jake,ifinero@jumpstartlab.com,20686,St. Mary's City,MD,16800 Point Lookout Rd.,402-990-4000,unknown
2155,Ebersole,Bret,yhsloa08@jumpstartlab.com,20686,St Marys City,MD,16800 Point lookout rd,555-555-5000,unknown
2160,Houghton,Nell,vjm2865@jumpstartlab.com,20686,St. Mary's City,MD,16800 Point Lookout Rd.,402-990-4000,unknown
2167,Wein,Robert,yahrison@jumpstartlab.com,20686,St Marys City,MD,16800 Point lookout rd,555-555-5000,unknown
2174,Lopez,Ashley,vermideo@jumpstartlab.com,20686,St Marys City,MD,16800 Point lookout rd,555-555-5000,unknown
2183,Jahne,John,qyieff@jumpstartlab.com,20686,St Marys City,MD,16800 Point lookout rd,555-555-5000,unknown
2185,Moskowitz,Hannah,rbolley@jumpstartlab.com,20686,Yhfh,MD,16800 Point Lookout Rd.,402-990-4000,unknown
2190,Reay,Tony,uxffret@jumpstartlab.com,20686,St Marys City,MD,16800 Point lookout rd,555-555-5000,unknown
2303,Baker,Eliza,ykvinga@jumpstartlab.com,21210,Baltimore,MD,MS 2361 Loyola College 4501 North Charles St,908-698-2000,unknown
2310,Fowler,Natalie,netite_nombre@jumpstartlab.com,21210,Baltimore,MD,MS 2361 4501 N Charles St,908-698-2000,unknown
2317,Davies,William,rxowden3@jumpstartlab.com,21210,Baltimore,MD,MS 2361 4501 N. Charles St,908-698-2000,unknown
2329,Null,Sarah,rcverburg@jumpstartlab.com,21210,Baltimore,MD,MS 2361 4501 N. Charles St,908-698-2000,unknown
2338,Donnelly,Jennifer,qxaschreck@jumpstartlab.com,21210,Baltimore,MD,2361 4501 N. Charles St,908-698-2000,unknown
2350,Sullivan,Shelby,bereenberg@jumpstartlab.com,21210,Baltimore,MD,MS 2361 4501 N Charles St,631-291-2000,unknown
2359,Evans,Courtney,agatsfunny1688@jumpstartlab.com,21210,Baltimore,MD,MS 3356 Loyola College 4501 N Charles St,410-370-2000,unknown
2370,Hunter,Wendy,elgerow@jumpstartlab.com,21210,Baltimore,MD,MS 2361 4501 N Charles St,908-752-5000,unknown
2375,Ter Kuile,Lance,yboaks@jumpstartlab.com,21210,Baltimore,MD,124,631-873-5000,unknown
2381,Whitney,Chris,bcisher@jumpstartlab.com,21210,Baltimore,MD,456,410-370-2000,unknown
2545,Mccusker,Null,papokuag@jumpstartlab.com,20910,Silver Spring,MD,"1519 East Falkland Ln, Apt 154",508-274-8000,unknown
2615,Richards,Minrose,klsheac@jumpstartlab.com,20742,College Park,MD,"5215 Centreville Hall, University of Maryland",617-935-3000,unknown
2668,Kolodin,Diana,mqrosent@jumpstartlab.com,20817,College Park,MD,4226A Guilford Dr,301-787-2000,unknown
2681,Balinsky-baker,Kevin,xlarab1@jumpstartlab.com,20912,Takoma Park,MD,7600 Flower Ave.,914-584-4000,unknown
2682,Herman,Richard,xb@jumpstartlab.com,20912,Takoma Park,MD,1001 Kennebec Ave.,732-299-7000,unknown
2683,Embick,Michael,sdfonteyne@jumpstartlab.com,20912,"Takoma Park,",MD,7600 Flower Ave.,913-687-1000,unknown
2685,Litzenberg,X,bfoseen@jumpstartlab.com,20866,Burtonsville,MD,15144 Red Cedar Dr.,240-350-8000,unknown
2686,Stachowski,Melissa,dnhimjolly@jumpstartlab.com,20866,Burtonsville,MD,15144 Red Cedar Dr.,301-518-9000,unknown
2691,Becker,Dani,uxch.hastings@jumpstartlab.com,20912,Takoma Park,MD,7600 Flower Ave.,240-386-9000,unknown
2693,Lister,Milton,dqingold@jumpstartlab.com,20912,Takoma Park,MD,7600 Flower Ave.,301-891-4000,unknown
2742,Voutour,Laura,tuyrotenberg@jumpstartlab.com,20770,Greenbelt,MD,2 P Plateau Pl,301-474-0000,unknown
2750,Svoboda,Jessica,vxitkens724@jumpstartlab.com,21210,Baltimore,MD,4501 N Charles St. MS 2700,860-810-6000,unknown
2756,Doe,Jesse,gsaddario@jumpstartlab.com,20904,Silver Spring,MD,1304 Peaceful Lane,717-448-2000,unknown
2822,Slote,Sheila,gdristina.holland@jumpstartlab.com,20723,Laurel,MD,8252 Sandy Stream Road,301-974-1000,unknown
2842,Doe,Daniel,iicmseac@jumpstartlab.com,20783,Hyattsville,MD,7951 15th Ave #201,301-318-4000,unknown
2846,Hopkins,Katie,gbnichol@jumpstartlab.com,21087,Kingsville,MD,11819 Stoney Batter Road,410-592-8000,unknown
2892,Letcheva,Laney,pdisb_nuggs@jumpstartlab.com,21742,Hagerstown,MD,1401 potomac ave,845-988-7000,unknown
2946,See,Carl,fuoungma@jumpstartlab.com,20740,College Park,MD,247-09D Leonardtown,678-571-0000,unknown
2960,Borick,Matthew,gclue-hitchens11@jumpstartlab.com,20742,College Park,MD,247-09-C New Leonardtown,301-346-9000,unknown
3006,Kauffman,Alexis,ctnteyj@jumpstartlab.com,21218,Baltimore,MD,3339 N. Charles St.,617-365-0000,unknown
3014,San Roman,Whitney,fgoore@jumpstartlab.com,21218,Baltimore,MD,2 w. University Pkwy,617-365-0000,unknown
3016,Tran,Eleanor,tiperchick447@jumpstartlab.com,20852,Rockville,MD,6010 California Cir 114,617-365-0000,unknown
3019,Sibelman,Ben,kntsosj@jumpstartlab.com,21218,Baltimore,MD,712 Montpelier,617-365-0000,unknown
3021,Thatcher,Isabelle,dybosem@jumpstartlab.com,21218,Baltimore,MD,3339 N. Charles,617-365-0000,unknown
3022,Gent,Liana,eggordon@jumpstartlab.com,21218,Baltimore,MD,3900 Halstead,617-365-0000,unknown
3024,Bissessar,Jessica,kkazirak@jumpstartlab.com,21210,Baltimore,MD,110 W. 39th,617-365-0000,unknown
3025,Matthews,Jake,feaversnob@jumpstartlab.com,21218,Baltimore,MD,3501 st. paul,617-365-0000,unknown
3026,Xx,Stephen,tull31@jumpstartlab.com,21218,Baltimore,MD,3339 n charles,617-365-0000,unknown
3029,Boyle,Laura,vvaterma@jumpstartlab.com,21210,Baltimore,MD,110 w 39th,617-365-0000,unknown
3030,Westwood,John,ngelacolwell@jumpstartlab.com,21218,Baltimore,MD,3301 n charles st.,617-365-0000,unknown
3033,Webster,Laura,ows_braun@jumpstartlab.com,21218,Baltimore,MD,3003 n charles st,617-365-0000,unknown
3034,Smith,Cassidy,vxurengill@jumpstartlab.com,21218,Baltimore,MD,3003 n charles st,617-365-0000,unknown
3061,Khouang,Sherry,ceanzet@jumpstartlab.com,21216,X,MD,x,301-613-1000,unknown
3064,Caldwell,Keonna,lwlarali@jumpstartlab.com,21216,X,MD,x,301-613-1000,unknown
3066,Student,Meghan,txancourt@jumpstartlab.com,21216,X,MD,x,301-613-1000,unknown
3071,Dutton,Catherine,xfnnie.woldorf@jumpstartlab.com,21216,X,MD,x,301-613-1000,unknown
3075,Sangha,Philip,nmnes4re@jumpstartlab.com,21216,X,MD,x,301-613-1000,unknown
3078,D'addario,Neha,wyusecc@jumpstartlab.com,21216,X,MD,x,301-613-1000,unknown
3079,Kurs,Russell,rnloe.sackett@jumpstartlab.com,21216,X,MD,x,301-613-1000,unknown
3091,Rizzo,Aditi,odenajean@jumpstartlab.com,21216,X,MD,x,301-613-1000,unknown
3096,Zahorian,Meredith,ypebee3000@jumpstartlab.com,21216,X,MD,x,301-613-1000,unknown
3098,Thompson,Heather,rdm327@jumpstartlab.com,21216,X,MD,x,301-613-1000,unknown
3139,Howard,Null,uqlitzen@jumpstartlab.com,20742,College Park,MD,"247-10 Leonardtown, University of Maryland",508-954-9000,unknown
3142,Sanders,Jessica,uvsorens@jumpstartlab.com,21216,X,MD,x,301-613-1000,unknown
3144,Phillips,Melanie,hdaggio@jumpstartlab.com,21216,X,MD,x,301-613-1000,unknown
3147,Smedick,Alicia,saoy3333@jumpstartlab.com,21216,X,MD,x,301-613-1000,unknown
3148,Mershon,Caroline,ny@jumpstartlab.com,21216,X,MD,x,301-613-1000,unknown
3149,Sprinzen,Michael,jyica.borgeswallace@jumpstartlab.com,21216,X,MD,x,301-613-1000,unknown
3150,Hoffbeck,Sandddd,nrllinsj4@jumpstartlab.com,21216,X,MD,x,301-613-1000,unknown
3152,Derwin,Holly,tcephanie.j.gardner@jumpstartlab.com,21216,X,MD,x,301-613-1000,unknown
3153,Downing,Diana,sdhaw1@jumpstartlab.com,21216,X,MD,x,301-613-1000,unknown
3156,Waldman,Sarah,cychelleighguillory@jumpstartlab.com,21216,X,MD,x,301-613-1000,unknown
3159,Bell,Mary,cfeckerp@jumpstartlab.com,21216,X,MD,x,301-613-1000,unknown
3161,Hawes,Bridget,lsmery@jumpstartlab.com,21216,X,MD,x,301-613-1000,unknown
3165,Cruickshank,Philip,plerris@jumpstartlab.com,21216,X,MD,x,301-613-1000,unknown
3166,Kohnstamm,Robert,ruood1988@jumpstartlab.com,21216,X,MD,x,301-613-1000,unknown
3168,Law,Jason,agle_Rosenblad@jumpstartlab.com,21216,X,MD,x,301-613-1000,unknown
3169,Owens,Eric,moilema1@jumpstartlab.com,21216,X,MD,x,301-613-1000,unknown
3171,Dennis,Jillian,urchnibe@jumpstartlab.com,21216,X,MD,x,301-613-1000,unknown
3173,Pedicone,Christie,ixhndoe3@jumpstartlab.com,21216,X,MD,x,301-613-1000,unknown
3175,Lane,Marcellus,nuttydus@jumpstartlab.com,21216,X,MD,x,301-613-1000,unknown
3176,Miller,Valencia,dpaaaaaaaaa@jumpstartlab.com,21216,X,MD,x,301-613-1000,unknown
3180,Parry,Elizabeth,acombard@jumpstartlab.com,21216,X,MD,x,301-613-1000,unknown
3182,Gill,Juliet,tqnniferkrill@jumpstartlab.com,21216,X,MD,x,301-613-1000,unknown
3184,Howell-dinger,Catherine,arnneryis007@jumpstartlab.com,21216,X,MD,x,301-613-1000,unknown
3186,Marchessault,Andrea,ord9@jumpstartlab.com,21216,X,MD,x,301-613-1000,unknown
3190,Mendez,Jane,natowel@jumpstartlab.com,21216,X,MD,x,301-613-1000,unknown
3194,Ray-mazumder,J,tmclaibo@jumpstartlab.com,21216,X,MD,x,301-613-1000,unknown
3196,Finkel,Lea,reanelle.dugan@jumpstartlab.com,21216,X,MD,x,301-613-1000,unknown
3199,Lynch,Whitney,ahccernsv@jumpstartlab.com,21216,X,MD,x,301-613-1000,unknown
3201,Moynahan,Michael,hkianhalprin@jumpstartlab.com,21216,X,MD,x,301-613-1000,unknown
3205,Webster,James,vouljosephpark@jumpstartlab.com,21216,X,MD,x,301-613-1000,unknown
3207,Carodenuto,Catherine,rcura.lipinski@jumpstartlab.com,21216,X,MD,x,301-613-1000,unknown
3209,Heinichen,Francesca,lynfranklin@jumpstartlab.com,21216,X,MD,x,301-613-1000,unknown
3211,Shapiro,Elise,aesout08@jumpstartlab.com,21216,X,MD,x,301-613-1000,unknown
3213,Van Eck,Andreah,qxcthruhiker17@jumpstartlab.com,21216,X,MD,x,301-613-1000,unknown
3216,Wright,Marci,rbrie.stratton@jumpstartlab.com,21216,X,MD,x,301-613-1000,unknown
3220,Skaggs,Mary,ijlldurrett@jumpstartlab.com,21216,X,MD,x,301-613-1000,unknown
3222,Coleman,Lorenzo,jjaslett@jumpstartlab.com,21216,X,MD,x,301-613-1000,unknown
3224,Colehor,Andrew,gjlupkin@jumpstartlab.com,21216,X,MD,x,301-613-1000,unknown
3226,Laird,Beth,umt24@jumpstartlab.com,21216,X,MD,x,301-613-1000,unknown
3230,Dooley-feldman,Arielle,kkccrory@jumpstartlab.com,21216,X,MD,x,301-613-1000,unknown
3232,Maloney,Katherine,rcng2106@jumpstartlab.com,21216,X,MD,x,301-613-1000,unknown
3235,Uzuki,Rebecca,gkpagecolby@jumpstartlab.com,21216,X,MD,x,301-613-1000,unknown
3236,Brown,Georgia,pikeAli27@jumpstartlab.com,21216,X,MD,x,301-613-1000,unknown
3239,Griffin,Euric,rcll32@jumpstartlab.com,21216,X,MD,x,301-613-1000,unknown
3241,Jones,Natalie,korkson.allegra@jumpstartlab.com,21216,X,MD,x,301-613-1000,unknown
3242,Reese,Stacy,yohley.leclare@jumpstartlab.com,21216,X,MD,x,301-613-1000,unknown
3341,Bolton,Charles,tfedina4@jumpstartlab.com,21224,Baltimore,MD,1010 S. Kenwood Ave.,814-397-3000,unknown
3452,Atcheson,Tarini,xkracken@jumpstartlab.com,21045,Columbia,MD,8945 Footed Ridge,410-992-0000,unknown
3480,Marden,Jamie,assse.d.jenkins@jumpstartlab.com,20742,College Park,MD,"4230 Knox Road, Apt. 1530",443-257-9000,unknown
3488,Repka,Lillian,nywaibi@jumpstartlab.com,20742,College Park,MD,3109 Cambridge,240-426-0000,unknown
3495,Weinstein,Natalie,xuwilburn11@jumpstartlab.com,20742,College Park,MD,"247-9 Leonardtown Hall, University of Maryland",240-401-0000,unknown
3497,Cooper,Nicholas,yyvidpcorrado@jumpstartlab.com,20740,College Park,MD,8000 Boteler Lane,978-844-4000,unknown
3506,Stewart,Shannon,liarry@jumpstartlab.com,21250,Baltimore,MD,1000 Hilltop Circle,410-227-6000,unknown
3628,Manchada,Melanie,gxudgens@jumpstartlab.com,20854,Potomac,MD,1492 Selworthy Rd,718-305-4000,unknown
3679,Frederick,Steph,krott@jumpstartlab.com,29740,College Park,MD,8000 Boteler Lane Apt #124A,410-458-5000,unknown
3688,Siegel,Tamara,dingbodu@jumpstartlab.com,21239,Baltimore,MD,6905 donachie rd apt f,301-257-9000,unknown
3691,Jeff,Jay,pmahlstr@jumpstartlab.com,21286,Towson,MD,303 E. Burke Rd Apt C,301-257-9000,unknown
3699,Clancy,Laurie,jk@jumpstartlab.com,20895,Kensington,MD,3115-8 university blvd west,301-257-9000,unknown
3702,White,Jane,fpikatri@jumpstartlab.com,21204,Towson,MD,8007 york rd apt C1,301-257-9000,unknown
3703,Brubaker,Cara,tvnglese1@jumpstartlab.com,20742,College Park,MD,6121 Centreville Hall,310-370-4000,unknown
3704,O'bryon,Marcelino,jxrrieweikle@jumpstartlab.com,20740,College Park,MD,8000 Boteler Lane Apt. 124,302-245-5000,unknown
3707,Wang,Jessica,vwinsa02@jumpstartlab.com,21093,Lutherville,MD,11209 greenspring ave,443-629-7000,unknown
3710,Suzor,Kirsten,hwiderc@jumpstartlab.com,20740,College Park,MD,4603 harvard rd.,443-994-2000,unknown
3715,Dougherty,Amanda,ukmitch07@jumpstartlab.com,20602,Waldorf,MD,607 wilson ln,240-210-3000,unknown
3718,Griffard,X,skmbolger@jumpstartlab.com,20646,La Plata,MD,6580 glendale place,301-266-7000,unknown
3724,Williams,Sarah,dvjaff07@jumpstartlab.com,21136,Reisterstown,MD,14021 woodlings lane,443-632-4000,unknown
3729,Brisbois,Sarah,wqlee0808@jumpstartlab.com,21218,Baltimore,MD,3043 Frisby St.,443-632-4000,unknown
3731,Santoro,Kelly,auurtney.marie.davis@jumpstartlab.com,20912,Takoma Park,MD,28 Lee Ave. Apt. 303,240-205-4000,unknown
3734,Ogutu,Alice,ury1@jumpstartlab.com,21047,Fallston,MD,3327 charles st,443-616-7000,unknown
3737,Fonda-bonardi,Stephen,rilking_contradiction_27@jumpstartlab.com,20601,Waldorf,MD,3802 brewster circle,240-346-9000,unknown
3739,Pfeffer,Jordan,xfanjarr@jumpstartlab.com,20912,Takoma Park,MD,251 manor circle,240-461-4000,unknown
3741,Nayeem,Hilary,lhavis@jumpstartlab.com,20912,Takoma Park,MD,251 manor circle,301-814-1000,unknown
3778,Syrig,Charlotte,wwedellstiles@jumpstartlab.com,20782,Hyattsville,MD,6201 41st Ave,301-318-4000,unknown
3782,Reinauer,Zachary,qrantiag@jumpstartlab.com,20742,College Park,MD,5218 Centreville,304-604-5000,unknown
3800,Barker,Emma,rcberger@jumpstartlab.com,20816,Bethesda,MD,2 Bay Tree Lane,301-320-0000,unknown
4005,Zamudio,Bradly,fyaronsmith@jumpstartlab.com,20742,College Park,MD,1102 Somerset Hall,410-218-0000,unknown
4054,Sager,Megan,xglia.shindel@jumpstartlab.com,20781,Hyattsville,MD,4227 Oglethorpe St.,513-417-2000,unknown
4089,Gupta,Null,sxhndoe14@jumpstartlab.com,20910,Silver Spring,MD,"1133 E West Hwy, Ste 319-W",812-552-3000,unknown
4214,Doe,Meredith,uimenez@jumpstartlab.com,20740,College Park,MD,8000 Travis Ln,301-252-9000,unknown
4235,Fencl,Zach,smTAK@jumpstartlab.com,20740,College Park,MD,"8204 Baltimore Ave, Apt 718B",513-680-3000,unknown
4347,Zimmer,Brandon,mmockc6@jumpstartlab.com,21701,Frederick,MD,401 Rosemont Ave.,732-779-8000,unknown
4537,Lazarowski,Paul,qnudmer@jumpstartlab.com,20860,Sandy Spring,MD,17714 Meetinghouse Rd,301-379-0000,unknown
4542,August,Shane,anhilips@jumpstartlab.com,20912,Takoma Park,MD,1012 Heather Ave,301-891-2000,unknown
4550,Barns,Leslie,ufoff@jumpstartlab.com,21788,Thurmont,MD,24 JerMae St,240-626-1000,unknown
4551,Parker,Scott,qhuer321@jumpstartlab.com,20833,Brookeville,MD,19308 Alderbarn Ct,202-270-1000,unknown
4579,Patrick,Shannon,foshankland@jumpstartlab.com,20850,Rockvile,MD,4 Vallingby Circle,240-750-0000,unknown
4589,Haskell,Sophia,gbffb_123@jumpstartlab.com,20770,Greenbelt,MD,14-N Laurel Hill Road,301-474-0000,unknown
4604,Arnold,Rose,oqenville@jumpstartlab.com,20906,Silver Spring,MD,6 Middlebridge Ct,301-233-7000,unknown
4617,Dickson,Alison,xoolloway10@jumpstartlab.com,20854,Potomac,MD,8158 Inverness Ridge Road,301-299-5000,unknown
4631,Xx,Eliza,wqrah.mary89@jumpstartlab.com,20854,Potomac,MD,11713 Charen Lane,301-983-2000,unknown
4666,Chronis,Kirsten,frmooski@jumpstartlab.com,20723,Laurel,MD,10584 Hunters Way,301-617-4000,unknown
4673,Dewolf,Dominique,xwh001@jumpstartlab.com,20901,Silver Spring,MD,9407 Worth Ave,301-588-0000,unknown
4680,Wetherill,Sam,fyvegetarian@jumpstartlab.com,20901,Silver Spring,MD,10823 Margate Road,240-485-6000,unknown
4693,Comer,X,iaivings@jumpstartlab.com,20815,Chevy Chase,MD,3708 Underwood Rd,240-672-8000,unknown
4697,Roy,Katie,dhigsi01@jumpstartlab.com,20782,Hyattsville,MD,6201 41st Ave,206-372-2000,unknown
4699,Avendano,Jessica,ruoore10@jumpstartlab.com,20902,Silver Spring,MD,1814 August Dr,301-787-5000,unknown
4705,Marquis,Lauren,fqenshen@jumpstartlab.com,20902,Wheaton,MD,2103 Hermitage Road,301-830-3000,unknown
4714,Spero,Michael,dcna.kuhnline@jumpstartlab.com,20901,Silver Spring,MD,8905 Sudbury Road,301-801-9000,unknown
4741,Theden,Liam,psmcgrew@jumpstartlab.com,20905,Silver Spring,MD,2217 Link Road,301-421-1000,unknown
4751,Siegler,Stephanie,npmaho06@jumpstartlab.com,20782,University Park,MD,6905 Pineway Ave,240-602-7000,unknown
4758,Wofford,Ruth,paallmeyer@jumpstartlab.com,20815,Chevy Chase,MD,7423 Lynnhurst Street,240-497-1000,unknown
4772,Schwaneke,Jane,fjh224@jumpstartlab.com,20850,Rockville,MD,310 Crabb Avenue,301-219-7000,unknown
4781,Tedrow,Sajeewa,gerumber@jumpstartlab.com,20855,Derwood,MD,7710 Iron Forge Court,301-760-6000,unknown
4786,Mccall,Rhiannon,plgermal@jumpstartlab.com,20742,College Park,MD,4111 Elkton Hall,301-466-7000,unknown
4789,Queen,Shannen,kjinda.manglik@jumpstartlab.com,20832,Olney,MD,4105 Alfalfa Terrace,301-774-9000,unknown
4861,Smith,Meg,jy379@jumpstartlab.com,20740,College Park,MD,5024 Berwyn Road,301-318-4000,unknown
4869,Lkjklljlkj,Arden,hslftylerblue@jumpstartlab.com,20742,College Park,MD,3106 Dorchester Hall,240-252-9000,unknown
4888,Baker,Kara,cms.bischoff@jumpstartlab.com,20912,Takoma Park,MD,7600 Flower Ave.,240-888-4000,unknown
4904,Catellacci,Genevieve,gyura.Kriegel@jumpstartlab.com,20742,College Park,MD,6109 Hagerstown Hall,301-318-4000,unknown
4909,Gromisch,Eliza,lqmoresch@jumpstartlab.com,21701,Frederick,MD,8241 Black Hawk Court,301-676-1000,unknown
4917,Tale,Dordt,qxope@jumpstartlab.com,20742,College Park,MD,5104 Denton Hall,410-710-7000,unknown
4920,Rueter,Christian,xlean@jumpstartlab.com,21804,Salisbury,MD,224 Onley Road #103-A,240-498-0000,unknown
4932,Gosse,Sarah,bsore@jumpstartlab.com,20912,Takoma Park,MD,7600 Flower Ave.,304-279-5000,unknown
4936,Brummel,Austin,lpldor_a@jumpstartlab.com,20740,College Park,MD,8000 Boteler Lane,301-318-4000,unknown
4960,Kolb,Joseph,avdisido@jumpstartlab.com,20740,College Park,MD,8000 Boteler Lane,301-318-4000,unknown
4972,Holleb,Seth,ouitlinef324@jumpstartlab.com,20740,College Park,MD,"4226 Guilford Drive, Apt A",301-910-3000,unknown
4979,Holdaway,Jordan,ekazanec@jumpstartlab.com,20742,College Park,MD,8133 Hagerstown Hall,301-523-9000,unknown
4993,Gladfelter,Lorena,ylnjen3323@jumpstartlab.com,21157,Westminster,MD,2 College Hill,301-204-0000,unknown
5024,Rawstron,Ben,xjpivey@jumpstartlab.com,20782,Hyattsville,MD,6201 41st Ave,319-350-4000,unknown
5029,Butler,Laura,drCyprian@jumpstartlab.com,20742,College Park,MD,247-9C New Leonardtown,301-318-4000,unknown
5047,Sorenson,Jake,pqowen09@jumpstartlab.com,20740,College Park,MD,4902 Cherokee Street,301-712-7000,unknown
5107,Wolfson,Kyle,gjethin@jumpstartlab.com,20712,Mount Rainier,MD,4004 32nd St,202-222-0000,unknown
5147,Spence,Kerry,cghsjp@jumpstartlab.com,20740,College Park,MD,7400 Columbia Ave,410-303-1000,unknown
5158,Aungst,Dan,vmrthsaver@jumpstartlab.com,20657,Lusby,MD,12545 Catalina Drive,503-475-8000,unknown
